{
  "center_x": 17.507499,
  "center_y": -1.2485,
  "center_z": 14.571499,
  "size_x": 35.67,
  "size_y": 20.11,
  "size_z": 23.53
}